{
    "train_loss": [
        41.4181627202034,
        19.974819041490555,
        13.65973109483719,
        10.807595847845077,
        8.519473308324814,
        6.889008423089981,
        5.763833082914353,
        5.174538519382477,
        4.464434581398964,
        3.744189602136612,
        3.1456244593858718,
        2.499501564502716,
        2.0386248794198036,
        1.7203508168458939,
        1.4799651315808295,
        1.3022306579351426,
        1.1632033601403236,
        1.0640475967526435,
        0.95499617010355,
        0.9528796130418777,
        0.9240591222047806,
        0.8855494216084481,
        0.8551073756814003
    ],
    "train_acc": [
        0.5134375,
        0.51953125,
        0.513125,
        0.51828125,
        0.51171875,
        0.5215625,
        0.5259375,
        0.50953125,
        0.50484375,
        0.506875,
        0.49171875,
        0.50515625,
        0.5053125,
        0.49609375,
        0.4921875,
        0.4975,
        0.49765625,
        0.50328125,
        0.50640625,
        0.5028125,
        0.49484375,
        0.504375,
        0.50515625
    ],
    "val_loss": [
        7.3241249631429675,
        5.536681832997129,
        4.06395814679563,
        2.641383189558983,
        2.6338614716008304,
        1.3722931396961213,
        1.617287284694612,
        1.2075533784925938,
        0.9432322710752488,
        0.7661963938176632,
        0.7203054815530777,
        0.7008030116558075,
        0.6943913435935974,
        0.6958765974640846,
        0.6933758807182312,
        0.693210800588131,
        0.6931767845153809,
        0.6931655406951904,
        0.6931578814983368,
        0.6931530237197876,
        0.6931523680686951,
        0.6931573152542114,
        0.6931609511375427
    ],
    "val_acc": [
        0.534375,
        0.5325,
        0.54125,
        0.53421875,
        0.523125,
        0.5190625,
        0.51796875,
        0.518125,
        0.50953125,
        0.5284375,
        0.4890625,
        0.495625,
        0.49828125,
        0.5,
        0.49984375,
        0.5,
        0.5,
        0.5,
        0.5,
        0.5,
        0.5,
        0.5,
        0.5
    ],
    "test_loss": null,
    "test_acc": null,
    "best_val_epoch": 3,
    "total_epochs_trained": 23,
    "final_lr": 1e-05
}