{
    "train_loss": [
        40.01274697780609,
        19.192754044532776,
        13.84342280626297,
        10.39463201880455,
        8.718468741178512,
        7.148025801181793,
        6.059520419836044,
        5.130744953751564,
        4.198977583646775,
        3.698359560966492,
        3.1097070217132567,
        2.646539657115936,
        2.1544560420513155,
        1.8625830909609795,
        1.5612804520130157,
        1.3663507306575775,
        1.2356010112166405,
        1.1202223098278046,
        1.0222399377822875,
        1.0040841582417488,
        0.9539618089795112,
        0.9092245110869408
    ],
    "train_acc": [
        0.51296875,
        0.516875,
        0.51125,
        0.51953125,
        0.50421875,
        0.5128125,
        0.501875,
        0.50390625,
        0.505,
        0.5046875,
        0.51109375,
        0.49703125,
        0.5109375,
        0.5040625,
        0.49671875,
        0.5053125,
        0.49125,
        0.49953125,
        0.50609375,
        0.50484375,
        0.4915625,
        0.4975
    ],
    "val_loss": [
        4.890130794793367,
        3.3046437475085257,
        2.7794707481563092,
        3.279331160481088,
        2.0858752819895745,
        1.7492603304982186,
        1.1649069451540708,
        0.9088092751801014,
        0.8071625563502312,
        0.744083614051342,
        0.7104533052444458,
        0.6922425732016564,
        0.6933888545632363,
        0.6929704144597053,
        0.6931308576464653,
        0.6931369888782501,
        0.693150497674942,
        0.6931366258859635,
        0.6931521371006966,
        0.6931515038013458,
        0.6931525468826294,
        0.6931495666503906
    ],
    "val_acc": [
        0.5309375,
        0.553125,
        0.5396875,
        0.516875,
        0.516875,
        0.50796875,
        0.513125,
        0.523125,
        0.50953125,
        0.484375,
        0.50515625,
        0.50609375,
        0.50078125,
        0.50375,
        0.5003125,
        0.50046875,
        0.50015625,
        0.50015625,
        0.5,
        0.5,
        0.5,
        0.5
    ],
    "test_loss": null,
    "test_acc": null,
    "best_val_epoch": 2,
    "total_epochs_trained": 22,
    "final_lr": 1e-05
}