{
    "train_loss": [
        41.61066214084625,
        20.105992271900178,
        14.292529158592224,
        10.960695555210114,
        8.664463539123535,
        6.96289537191391,
        5.655027964115143,
        4.698859596252442,
        3.8326798087358473,
        3.0590902519226075,
        2.5109758403897287,
        1.9148710003495217,
        1.5622145238518714,
        1.353810308277607,
        1.2376129052042961,
        1.0619882944226264,
        1.0083454328775405,
        0.984033300280571,
        0.9320882868766784,
        0.8956953594088555,
        0.8725890967249871,
        0.8640557172894477,
        0.8458754289150238,
        0.8023458495736122,
        0.8000534662604332
    ],
    "train_acc": [
        0.5109375,
        0.50296875,
        0.518125,
        0.504375,
        0.5090625,
        0.500625,
        0.51265625,
        0.50140625,
        0.498125,
        0.49703125,
        0.493125,
        0.50359375,
        0.499375,
        0.50875,
        0.49625,
        0.51875,
        0.510625,
        0.5,
        0.50140625,
        0.505625,
        0.5028125,
        0.50078125,
        0.49578125,
        0.506875,
        0.5103125
    ],
    "val_loss": [
        8.057331772232429,
        5.827789128497243,
        3.174499990940094,
        2.5773353784531357,
        1.1674646404385567,
        1.0408311149477958,
        0.8806400096416473,
        0.7666149760782719,
        0.7219129405915737,
        0.7022047731280326,
        0.6957378870248795,
        0.6931619077920914,
        0.6931353682279586,
        0.6931627988815308,
        0.6931535601615906,
        0.6931503415107727,
        0.6931529641151428,
        0.6931498050689697,
        0.6931476294994354,
        0.6931474804878235,
        0.6931477189064026,
        0.6931513845920563,
        0.6931600272655487,
        0.6931528151035309,
        0.6931508481502533
    ],
    "val_acc": [
        0.51484375,
        0.50546875,
        0.528125,
        0.50796875,
        0.5375,
        0.53328125,
        0.495,
        0.5190625,
        0.5228125,
        0.5034375,
        0.49734375,
        0.49984375,
        0.5,
        0.5,
        0.5,
        0.5,
        0.5,
        0.5,
        0.5,
        0.5,
        0.5,
        0.5,
        0.5,
        0.5,
        0.5
    ],
    "test_loss": null,
    "test_acc": null,
    "best_val_epoch": 5,
    "total_epochs_trained": 25,
    "final_lr": 1e-05
}