{
    "train_loss": [
        42.609454746246335,
        13.74903480052948,
        8.47912771821022,
        5.864798572063446,
        4.369059157371521,
        3.3803840976953508,
        2.721383885741234,
        2.3002962204813957,
        1.9425470638275146,
        1.61748331874609,
        1.4480461466312409,
        1.4192254082858562,
        1.2226949870586394,
        1.1370981079339981,
        1.1231939008831977,
        1.0551808720827103,
        1.0343880513310433,
        1.0010885336995126,
        0.9409620276093483,
        0.9301540467143059,
        0.8982513132691383,
        0.8881145086884499,
        0.8850743675231934,
        0.8771528550982475,
        0.8971144556999207,
        0.8619844436645507,
        0.856032312810421,
        0.8393595692515373,
        0.8167992231249809,
        0.8224852848052978,
        0.8077890318632126,
        0.810144630074501,
        0.8042967230081558,
        0.7895137479901314,
        0.7928903865814209,
        0.7867700386047364,
        0.7929940816760063,
        0.7840100175142288,
        0.7658795461058616
    ],
    "train_acc": [
        0.5046875,
        0.49828125,
        0.49953125,
        0.5034375,
        0.4934375,
        0.511875,
        0.51015625,
        0.4990625,
        0.50296875,
        0.50890625,
        0.5103125,
        0.49625,
        0.50578125,
        0.5146875,
        0.495,
        0.5034375,
        0.503125,
        0.496875,
        0.50078125,
        0.49046875,
        0.50953125,
        0.50859375,
        0.50640625,
        0.51203125,
        0.50046875,
        0.5078125,
        0.51234375,
        0.5015625,
        0.5071875,
        0.4996875,
        0.49984375,
        0.50015625,
        0.49796875,
        0.5059375,
        0.49734375,
        0.49984375,
        0.5025,
        0.49375,
        0.50765625
    ],
    "val_loss": [
        4.460434422791004,
        2.3724846304953098,
        1.6334229496121406,
        1.1954330894351006,
        1.0075951778888703,
        0.9359332789480687,
        0.8062460651993751,
        0.7750749081373215,
        0.7370602759718895,
        0.7262698680162429,
        0.7170085105299949,
        0.7106528568267823,
        0.7073553797602653,
        0.7064730653166771,
        0.7037627777457237,
        0.704243476986885,
        0.7069700485467911,
        0.7007605367898941,
        0.6972908741235733,
        0.6987141409516334,
        0.6998214688897133,
        0.6983178997039795,
        0.6974863463640213,
        0.6971644774079323,
        0.6975170755386353,
        0.6950663089752197,
        0.6950490549206734,
        0.6966497549414634,
        0.6950059726834297,
        0.6964345249533653,
        0.6936795708537101,
        0.6945347529649735,
        0.6953735944628715,
        0.6957725942134857,
        0.6941979086399078,
        0.6941776543855667,
        0.6956406944990158,
        0.6943302771449089,
        0.6956830969452859
    ],
    "val_acc": [
        0.49953125,
        0.499375,
        0.5075,
        0.4978125,
        0.50796875,
        0.4971875,
        0.50921875,
        0.5071875,
        0.4971875,
        0.50625,
        0.50046875,
        0.49640625,
        0.5021875,
        0.50390625,
        0.5078125,
        0.5115625,
        0.4784375,
        0.51,
        0.51625,
        0.5115625,
        0.50890625,
        0.50734375,
        0.4896875,
        0.49640625,
        0.508125,
        0.51359375,
        0.501875,
        0.503125,
        0.50484375,
        0.49703125,
        0.51265625,
        0.5071875,
        0.50109375,
        0.50234375,
        0.50796875,
        0.4875,
        0.5059375,
        0.5040625,
        0.50203125
    ],
    "test_loss": null,
    "test_acc": null,
    "best_val_epoch": 19,
    "total_epochs_trained": 39,
    "final_lr": 1e-05
}