{
    "train_loss": [
        49.28278282642364,
        20.06419469356537,
        13.181147055625916,
        9.696663508415222,
        7.591737196445465,
        6.211358742713928,
        5.471325688362121,
        4.5577284169197085,
        4.189640930891037,
        3.620577772259712,
        3.3427092915773393,
        2.9582471585273744,
        2.8531234031915664,
        2.595156093835831,
        2.3740258741378786,
        2.191939366161823,
        2.055747393369675,
        1.8223218777775765,
        1.8241971784830093,
        1.6868156868219375,
        1.601641865670681,
        1.4530411112308501,
        1.3933356794714928,
        1.2656755292415618,
        1.2336914044618608,
        1.1896648648381234,
        1.0745986983180047,
        1.0602176901698113,
        1.0172382017970085,
        1.0256478488445282,
        0.967065478861332,
        0.9249039649963379,
        0.893661865890026,
        0.8895675528049469,
        0.877505998313427,
        0.860646874010563,
        0.8195855829119683,
        0.8436195814609527,
        0.8167796179652214,
        0.8235953104496002,
        0.8161387765407562,
        0.8242666736245156,
        0.8081775200366974,
        0.7981733626127243
    ],
    "train_acc": [
        0.50484375,
        0.4975,
        0.4921875,
        0.50296875,
        0.5015625,
        0.51359375,
        0.49859375,
        0.51109375,
        0.50015625,
        0.5084375,
        0.49890625,
        0.50546875,
        0.49578125,
        0.49734375,
        0.4978125,
        0.4971875,
        0.50265625,
        0.51484375,
        0.48796875,
        0.4903125,
        0.4928125,
        0.50390625,
        0.49921875,
        0.50140625,
        0.49859375,
        0.4909375,
        0.51640625,
        0.50546875,
        0.5034375,
        0.4878125,
        0.4915625,
        0.494375,
        0.50765625,
        0.5075,
        0.49875,
        0.50453125,
        0.51265625,
        0.4975,
        0.50140625,
        0.48859375,
        0.49390625,
        0.49984375,
        0.4953125,
        0.50625
    ],
    "val_loss": [
        7.2947736330732,
        3.2254170002788305,
        1.5065905711054801,
        1.566732934936881,
        1.821399169471115,
        0.914869388639927,
        0.9343178376555443,
        0.8194708421826362,
        0.792950886040926,
        0.8184249387681484,
        0.8181211245059967,
        0.8192000783979893,
        0.7433470778167248,
        0.7349237912893295,
        0.7304040440917015,
        0.7636012642085552,
        0.7116489845514298,
        0.7122242677211762,
        0.7065230304002762,
        0.7043334859609603,
        0.701688846051693,
        0.6972196254134179,
        0.6945840018987656,
        0.6924269199371338,
        0.692997650206089,
        0.6933293476700783,
        0.6937407973408699,
        0.6931303134560585,
        0.6931255811452866,
        0.6931429859995842,
        0.6931525784730911,
        0.6931521591544151,
        0.6932350808382034,
        0.6931460231542588,
        0.6931564936041832,
        0.6931458234786987,
        0.6931446459889412,
        0.69315553098917,
        0.6931566980481147,
        0.693156681060791,
        0.6931620779633522,
        0.693163943886757,
        0.6931664264202118,
        0.6931711012125015
    ],
    "val_acc": [
        0.500625,
        0.5015625,
        0.5128125,
        0.4909375,
        0.49453125,
        0.50890625,
        0.4909375,
        0.5059375,
        0.515625,
        0.50234375,
        0.50203125,
        0.50171875,
        0.51796875,
        0.5140625,
        0.50796875,
        0.499375,
        0.50453125,
        0.4809375,
        0.51125,
        0.4746875,
        0.47734375,
        0.4909375,
        0.49390625,
        0.52484375,
        0.4990625,
        0.49375,
        0.50484375,
        0.50203125,
        0.49921875,
        0.5034375,
        0.49953125,
        0.49984375,
        0.49984375,
        0.5,
        0.49984375,
        0.5,
        0.49984375,
        0.49984375,
        0.5,
        0.5,
        0.49984375,
        0.5,
        0.5,
        0.5
    ],
    "test_loss": null,
    "test_acc": null,
    "best_val_epoch": 24,
    "total_epochs_trained": 44,
    "final_lr": 1e-05
}