{
    "train_loss": [
        46.87361867427826,
        19.672458028793336,
        12.785557299852371,
        9.758329458236695,
        7.596319365501404,
        6.401624912023545,
        5.424181777834892,
        4.4898161679506305,
        4.009984376430512,
        3.3544301342964173,
        3.043094661831856,
        2.6461288291215896,
        2.3179338520765302,
        2.0138403087854386,
        1.8671648743748666,
        1.5671807405352594,
        1.4101083838939668,
        1.2931617611646653,
        1.2230058777332307,
        1.1257798764109612,
        1.0666521739959718,
        1.0314565432071685,
        0.9912946796417237
    ],
    "train_acc": [
        0.5090625,
        0.49515625,
        0.4940625,
        0.50046875,
        0.5021875,
        0.4984375,
        0.49234375,
        0.50890625,
        0.49796875,
        0.5090625,
        0.50125,
        0.50046875,
        0.49578125,
        0.48828125,
        0.49390625,
        0.5078125,
        0.50015625,
        0.49671875,
        0.5,
        0.49953125,
        0.49921875,
        0.49640625,
        0.4996875
    ],
    "val_loss": [
        4.908014984726906,
        3.0646471071243284,
        1.8934217820316552,
        1.4102300009131432,
        1.4747517741844058,
        1.1006523625552653,
        0.9094125056266784,
        0.8090777611732483,
        0.8511160551011563,
        0.7704119138419628,
        0.7441278728842735,
        0.7143466725945473,
        0.6989969542622566,
        0.6939136177301407,
        0.693146848976612,
        0.6929511538147927,
        0.6929983967542648,
        0.6930962619185448,
        0.6931291025876999,
        0.69313994795084,
        0.6931532621383667,
        0.6931537967920304,
        0.693153401017189
    ],
    "val_acc": [
        0.4996875,
        0.493125,
        0.51296875,
        0.48625,
        0.49765625,
        0.4953125,
        0.48828125,
        0.5046875,
        0.50765625,
        0.51015625,
        0.48671875,
        0.49796875,
        0.50015625,
        0.50671875,
        0.49921875,
        0.50015625,
        0.49984375,
        0.5,
        0.5,
        0.50015625,
        0.5,
        0.5,
        0.5
    ],
    "test_loss": null,
    "test_acc": null,
    "best_val_epoch": 3,
    "total_epochs_trained": 23,
    "final_lr": 1e-05
}