{
    "train_loss": [
        43.94832764625549,
        18.984055647850038,
        12.311041430234908,
        9.353985660076141,
        7.30341472864151,
        6.1784765553474426,
        5.226207884550095,
        4.590082338452339,
        3.8548560720682143,
        3.4536844044923782,
        3.1030746912956237,
        2.749040778875351,
        2.486772008240223,
        2.101739565730095,
        1.927510111927986,
        1.7783277329802514,
        1.5958209890127182,
        1.4743988436460496,
        1.3181728380918503,
        1.2764843913912773,
        1.1599511548876762,
        1.0904299402236939
    ],
    "train_acc": [
        0.5065625,
        0.49671875,
        0.50140625,
        0.50421875,
        0.506875,
        0.50140625,
        0.5021875,
        0.49640625,
        0.515,
        0.4946875,
        0.5078125,
        0.5046875,
        0.503125,
        0.5165625,
        0.509375,
        0.5134375,
        0.50140625,
        0.49359375,
        0.510625,
        0.49984375,
        0.50640625,
        0.50140625
    ],
    "val_loss": [
        5.6960307707637545,
        2.174930553883314,
        1.9446448387205602,
        1.3685710337758064,
        1.4471159094944597,
        1.996456059748307,
        1.1496889951080085,
        0.9898400812596083,
        0.8183756573498249,
        1.1008856250345707,
        0.7763286566734314,
        0.7277632448077201,
        0.7269214391708374,
        0.7146185338497162,
        0.7112437269091606,
        0.6974126479029655,
        0.6939543536305428,
        0.6938259851932526,
        0.6936874830722809,
        0.6932830408215522,
        0.6933182367682457,
        0.6931714063882828
    ],
    "val_acc": [
        0.49734375,
        0.51078125,
        0.4946875,
        0.4865625,
        0.5025,
        0.49828125,
        0.49953125,
        0.49609375,
        0.48390625,
        0.49859375,
        0.494375,
        0.49109375,
        0.47046875,
        0.50265625,
        0.4890625,
        0.500625,
        0.498125,
        0.49984375,
        0.50140625,
        0.49765625,
        0.49640625,
        0.4990625
    ],
    "test_loss": null,
    "test_acc": null,
    "best_val_epoch": 2,
    "total_epochs_trained": 22,
    "final_lr": 1e-05
}