{
    "train_loss": [
        41.98505328655243,
        19.962748456001282,
        14.232827124595643,
        10.469833402633666,
        8.494639201164246,
        7.033281166553497,
        5.918124002218247,
        4.9624983131885525,
        4.291598095297814,
        3.6556884372234344,
        3.208635036945343,
        2.74463298201561,
        2.2872158002853396,
        1.952697539627552,
        1.6749368047714233,
        1.4330967646837234,
        1.2732228615880012,
        1.1669603803753852,
        1.0637181460857392,
        1.0203564405441283,
        0.9702251553535461,
        0.9096928358078002,
        0.8836426597833633,
        0.8744918721914291,
        0.851267440021038,
        0.82208102196455,
        0.8081923851370811,
        0.8109537759423255
    ],
    "train_acc": [
        0.505625,
        0.51390625,
        0.4946875,
        0.50546875,
        0.514375,
        0.5075,
        0.50640625,
        0.51125,
        0.50109375,
        0.5034375,
        0.50421875,
        0.5,
        0.5075,
        0.50015625,
        0.5034375,
        0.5059375,
        0.5084375,
        0.4975,
        0.50015625,
        0.5084375,
        0.50578125,
        0.49390625,
        0.50765625,
        0.4890625,
        0.48734375,
        0.4884375,
        0.49703125,
        0.4925
    ],
    "val_loss": [
        5.038853444847336,
        3.996344884932041,
        4.848025570223108,
        4.272372770927614,
        1.6745023418962957,
        1.580201437883079,
        1.085838456004858,
        0.9245931796729565,
        0.8402911840379238,
        0.7515991377830505,
        0.7315788802504539,
        0.7078289139270783,
        0.6946710562705993,
        0.6952905267477035,
        0.6932740068435669,
        0.693159274160862,
        0.6931201246380806,
        0.693127960562706,
        0.6931453254818917,
        0.6931521588563919,
        0.6931502223014832,
        0.6931530237197876,
        0.6931501030921936,
        0.6931491494178772,
        0.6931480169296265,
        0.6931473612785339,
        0.6931470632553101,
        0.6931473016738892
    ],
    "val_acc": [
        0.53078125,
        0.51640625,
        0.51,
        0.505,
        0.51640625,
        0.49796875,
        0.52015625,
        0.53609375,
        0.5190625,
        0.51390625,
        0.48765625,
        0.4825,
        0.516875,
        0.503125,
        0.49953125,
        0.50015625,
        0.50109375,
        0.500625,
        0.5,
        0.50015625,
        0.5,
        0.5,
        0.5,
        0.5,
        0.5,
        0.5,
        0.5,
        0.5
    ],
    "test_loss": null,
    "test_acc": null,
    "best_val_epoch": 8,
    "total_epochs_trained": 28,
    "final_lr": 1e-05
}