{
    "train_loss": [
        49.09927652835846,
        19.864843401908875,
        13.00707473039627,
        9.305257652997971,
        7.873036494255066,
        6.5055667823553085,
        5.370041142702103,
        4.488650150895118,
        3.909056950211525,
        3.4307874071598055,
        3.0010144579410554,
        2.7453857374191286,
        2.32610782623291,
        2.0165786519646645,
        1.7759209841489791,
        1.5932523280382156,
        1.4312032249569893,
        1.2942655208706855,
        1.173288471698761,
        1.1589052748680115,
        1.0477771458029748,
        1.0185697036981582,
        1.00233855843544,
        0.9443429419398308,
        0.9633072310686112,
        0.9083192381262779,
        0.896579150557518,
        0.8753242799639702,
        0.8658009079098702
    ],
    "train_acc": [
        0.496875,
        0.4975,
        0.505625,
        0.50671875,
        0.4990625,
        0.48859375,
        0.5025,
        0.49984375,
        0.5046875,
        0.51,
        0.5040625,
        0.49125,
        0.50265625,
        0.50234375,
        0.49546875,
        0.50046875,
        0.49140625,
        0.500625,
        0.50484375,
        0.49359375,
        0.50796875,
        0.49671875,
        0.5075,
        0.49640625,
        0.48234375,
        0.49890625,
        0.49875,
        0.49375,
        0.505
    ],
    "val_loss": [
        4.721140825748444,
        2.4979459999501703,
        1.5867406012117862,
        1.7082446923106909,
        1.2599840400367974,
        1.1631316662579776,
        1.1061257422715425,
        0.8360641106963158,
        0.7760470938682557,
        0.7442589113116265,
        0.735788579583168,
        0.7148760688304902,
        0.7016275808215141,
        0.6970815417170525,
        0.6936429595947265,
        0.6932557365298271,
        0.6935421168804169,
        0.6933851128816605,
        0.6932173225283623,
        0.6932042145729065,
        0.693178651034832,
        0.6931804895401001,
        0.6931577599048615,
        0.6931541436910629,
        0.6931522420048714,
        0.6931506040692329,
        0.6931498599052429,
        0.6931523594260216,
        0.6931504279375076
    ],
    "val_acc": [
        0.511875,
        0.51015625,
        0.504375,
        0.49359375,
        0.49875,
        0.5025,
        0.4984375,
        0.50453125,
        0.5203125,
        0.490625,
        0.510625,
        0.48734375,
        0.49109375,
        0.48203125,
        0.49546875,
        0.50109375,
        0.49859375,
        0.4984375,
        0.4996875,
        0.50015625,
        0.5,
        0.5,
        0.50015625,
        0.5,
        0.50015625,
        0.50015625,
        0.49984375,
        0.49984375,
        0.49984375
    ],
    "test_loss": null,
    "test_acc": null,
    "best_val_epoch": 9,
    "total_epochs_trained": 29,
    "final_lr": 1e-05
}