{
    "train_loss": [
        49.42603144168854,
        17.17851188659668,
        9.862929339408874,
        6.609149019718171,
        4.716575216650963,
        3.7979228603839874,
        3.1758430594205858,
        2.621057681441307,
        2.329244186282158,
        2.045155909359455,
        1.8756501838564872,
        1.6939502787590026,
        1.4833393093943597,
        1.4163319128751755,
        1.3060923260450363,
        1.2412560239434243,
        1.23112300157547,
        1.1425439566373825,
        1.102608558833599,
        1.0495811554789543,
        1.0188980568945407,
        1.0073656043410302,
        0.9728535804152488,
        0.9426950797438621,
        0.9457966262102127
    ],
    "train_acc": [
        0.505625,
        0.50453125,
        0.50453125,
        0.50515625,
        0.51734375,
        0.5075,
        0.49953125,
        0.49890625,
        0.49578125,
        0.5046875,
        0.50546875,
        0.49859375,
        0.51,
        0.505,
        0.51421875,
        0.5084375,
        0.50296875,
        0.496875,
        0.50546875,
        0.51046875,
        0.51375,
        0.506875,
        0.51015625,
        0.5046875,
        0.49359375
    ],
    "val_loss": [
        6.4940835353732105,
        4.717042810260319,
        1.65606820166111,
        1.2063100536167621,
        1.0368727706372738,
        0.9048905201256275,
        0.8310948228836059,
        0.8037274298071861,
        1.282513850852847,
        0.750959794819355,
        0.7475127451121807,
        0.7816265420615673,
        0.7198320299386978,
        0.7290856358408928,
        0.7146182242035866,
        0.7114712730050087,
        0.7088513585925103,
        0.7067565372586251,
        0.7030417329072952,
        0.7038116407394409,
        0.7011778625845909,
        0.7002231401205062,
        0.7035115519165993,
        0.6989163982868195,
        0.697287857234478
    ],
    "val_acc": [
        0.49671875,
        0.49890625,
        0.48421875,
        0.50703125,
        0.51703125,
        0.51421875,
        0.51046875,
        0.50734375,
        0.49640625,
        0.5071875,
        0.50375,
        0.5065625,
        0.51328125,
        0.5103125,
        0.50703125,
        0.5059375,
        0.4953125,
        0.4990625,
        0.50328125,
        0.500625,
        0.50625,
        0.5059375,
        0.506875,
        0.495,
        0.505625
    ],
    "test_loss": null,
    "test_acc": null,
    "best_val_epoch": 5,
    "total_epochs_trained": 25,
    "final_lr": 1e-05
}