{
    "train_loss": [
        40.70137805938721,
        19.169992280006408,
        13.379275043010711,
        10.803032834529876,
        8.448283890485763,
        6.781724410057068,
        5.838474279642105,
        4.667478423714638,
        4.010870628356933,
        3.2309586709737776,
        2.65489341199398,
        2.1203738820552824,
        1.8060706412792207,
        1.493641467988491,
        1.334659447968006,
        1.1965059876441955,
        1.0711800134181977,
        1.0199683877825736,
        0.9720040306448936,
        0.930051195025444,
        0.8982685941457749,
        0.861142307817936
    ],
    "train_acc": [
        0.50421875,
        0.5065625,
        0.50859375,
        0.506875,
        0.50484375,
        0.50875,
        0.49625,
        0.50125,
        0.49625,
        0.5021875,
        0.50578125,
        0.50828125,
        0.5028125,
        0.50765625,
        0.5021875,
        0.50203125,
        0.4965625,
        0.49515625,
        0.505,
        0.5075,
        0.4990625,
        0.49453125
    ],
    "val_loss": [
        5.696796291054343,
        2.124989612400532,
        2.0971291526407003,
        1.787017205581069,
        1.0770183217525482,
        1.0252586748450994,
        0.9010073447227478,
        0.7881311033666134,
        0.744471096098423,
        0.7197725275158882,
        0.714569290727377,
        0.6933530396223069,
        0.6928872981667519,
        0.6931333360075951,
        0.6931472286581993,
        0.6931446692347527,
        0.6931470334529877,
        0.6931473612785339,
        0.6931476593017578,
        0.693148672580719,
        0.6931477785110474,
        0.693147599697113
    ],
    "val_acc": [
        0.50796875,
        0.54109375,
        0.50796875,
        0.5240625,
        0.53265625,
        0.52765625,
        0.52640625,
        0.508125,
        0.4775,
        0.491875,
        0.49875,
        0.503125,
        0.5040625,
        0.49953125,
        0.49984375,
        0.5,
        0.5,
        0.5,
        0.5,
        0.5,
        0.5,
        0.5
    ],
    "test_loss": null,
    "test_acc": null,
    "best_val_epoch": 2,
    "total_epochs_trained": 22,
    "final_lr": 1e-05
}