{
    "train_loss": [
        50.62054645061493,
        17.258668001890182,
        10.791986949443817,
        7.242019618749619,
        5.679338450431824,
        4.750378352999687,
        3.8034643000364303,
        3.206587851047516,
        2.606017671227455,
        2.360076614320278,
        1.9744997641444206,
        1.8203166234493255,
        1.699797905087471,
        1.5405287557840348,
        1.4360924938321113,
        1.3547944036126136,
        1.2609493857622147,
        1.1881488287448883,
        1.1527065706253052,
        1.1065805286169053,
        1.0714242681860924,
        1.0468112793564797,
        0.9962076532840729,
        0.9731118506193162
    ],
    "train_acc": [
        0.50921875,
        0.51125,
        0.5046875,
        0.52015625,
        0.51125,
        0.49859375,
        0.49921875,
        0.5046875,
        0.51375,
        0.510625,
        0.5115625,
        0.51359375,
        0.49578125,
        0.5034375,
        0.5046875,
        0.50015625,
        0.50578125,
        0.50890625,
        0.504375,
        0.5059375,
        0.50109375,
        0.4975,
        0.50796875,
        0.50296875
    ],
    "val_loss": [
        9.016092776891965,
        3.013939770758152,
        1.985903312265873,
        1.4902440366148948,
        1.2660590812563897,
        1.07064592897892,
        0.9583982294797897,
        0.8561978417634964,
        0.8099375765025616,
        0.7700045701861381,
        0.7543820768594742,
        0.7631073932349682,
        0.7310796630382538,
        0.7198800519108772,
        0.7137159979343415,
        0.7115087193250657,
        0.7140823701024055,
        0.7085197407007218,
        0.7077104809880257,
        0.7056535026431083,
        0.7028672292828559,
        0.7021812361478805,
        0.7009059500694275,
        0.7013412141799926
    ],
    "val_acc": [
        0.50421875,
        0.52,
        0.5240625,
        0.52671875,
        0.515,
        0.52578125,
        0.52140625,
        0.50609375,
        0.51140625,
        0.51671875,
        0.5,
        0.49640625,
        0.510625,
        0.513125,
        0.51203125,
        0.5153125,
        0.5128125,
        0.50484375,
        0.5075,
        0.50859375,
        0.51796875,
        0.51109375,
        0.51171875,
        0.50859375
    ],
    "test_loss": null,
    "test_acc": null,
    "best_val_epoch": 4,
    "total_epochs_trained": 24,
    "final_lr": 1e-05
}