{
    "train_loss": [
        46.682008690834046,
        17.599122290611266,
        10.840407588481902,
        8.291106448173522,
        6.091172568798065,
        5.016387960910797,
        4.094362795352936,
        3.3250196409225463,
        2.9057154417037965,
        2.648050582408905,
        2.3086257806420325,
        2.0603587010502817,
        1.902316802740097,
        1.6844258567690849,
        1.5396460083127022,
        1.4861063328385353,
        1.4569734501838685,
        1.2686547899246217,
        1.2211797207593917,
        1.148777840435505,
        1.1261670610308647,
        1.079317026436329,
        1.0730558460950852,
        1.0205377155542374,
        0.9899148726463318,
        0.9571107655763627,
        0.9271821758151054,
        0.9059852001070976,
        0.8862195786833763,
        0.8832340931892395,
        0.8471890023350716,
        0.8621264150738717,
        0.8336432772874832,
        0.8328863841295242,
        0.8144587507843971,
        0.7975882843136788,
        0.7993611088395118,
        0.7860155290365219,
        0.7836736908555031,
        0.7807493335008622,
        0.7729039707779884,
        0.7730713063478469,
        0.7573514050245285
    ],
    "train_acc": [
        0.5003125,
        0.50046875,
        0.510625,
        0.50234375,
        0.5121875,
        0.49921875,
        0.50265625,
        0.50765625,
        0.51265625,
        0.49734375,
        0.5034375,
        0.51109375,
        0.50546875,
        0.504375,
        0.50515625,
        0.503125,
        0.49640625,
        0.5146875,
        0.50359375,
        0.50984375,
        0.4953125,
        0.50265625,
        0.4928125,
        0.5021875,
        0.48875,
        0.5053125,
        0.50234375,
        0.50171875,
        0.50984375,
        0.50375,
        0.515,
        0.4915625,
        0.50578125,
        0.50734375,
        0.4959375,
        0.50671875,
        0.50546875,
        0.5090625,
        0.50890625,
        0.5025,
        0.5078125,
        0.511875,
        0.50953125
    ],
    "val_loss": [
        10.984976760938734,
        3.842242841757834,
        2.452861330807209,
        1.5556010109186174,
        1.3573752063512803,
        1.0358282253146172,
        0.9718328288197517,
        0.8970002426207065,
        0.8147810861468315,
        0.7917492774128914,
        0.7671887865662574,
        0.7465811765193939,
        0.7442376220226288,
        0.7297625300288201,
        0.7238448593020439,
        0.7177353802323342,
        0.713319537639618,
        0.708950851559639,
        0.7045266330242157,
        0.7032133862376213,
        0.701333911716938,
        0.7007906872034073,
        0.6994175454974174,
        0.6985503563284874,
        0.6975899732112885,
        0.6967540621757508,
        0.6960377752780914,
        0.6956716972589493,
        0.6957027384638786,
        0.6952818232774735,
        0.6956447687745094,
        0.695662083029747,
        0.695032011270523,
        0.6947064909338951,
        0.6942136231064796,
        0.69439084649086,
        0.6959223639965058,
        0.6941567867994308,
        0.6950486171245575,
        0.6943185058236122,
        0.6946570548415184,
        0.6950172078609467,
        0.6943613123893738
    ],
    "val_acc": [
        0.49046875,
        0.4946875,
        0.5040625,
        0.5190625,
        0.49953125,
        0.51984375,
        0.508125,
        0.495625,
        0.5115625,
        0.505625,
        0.49625,
        0.51171875,
        0.49859375,
        0.4953125,
        0.4959375,
        0.49578125,
        0.50203125,
        0.49234375,
        0.50046875,
        0.49765625,
        0.5028125,
        0.51328125,
        0.52390625,
        0.50578125,
        0.5021875,
        0.508125,
        0.51453125,
        0.50546875,
        0.50921875,
        0.51125,
        0.503125,
        0.50078125,
        0.50953125,
        0.51984375,
        0.516875,
        0.51234375,
        0.49703125,
        0.50578125,
        0.50296875,
        0.50796875,
        0.50375,
        0.49921875,
        0.5096875
    ],
    "test_loss": null,
    "test_acc": null,
    "best_val_epoch": 23,
    "total_epochs_trained": 43,
    "final_lr": 1e-05
}