{
    "train_loss": [
        47.34746404647827,
        18.72259940624237,
        11.989260468482971,
        9.161523749828339,
        7.11379781126976,
        6.092922539710998,
        5.190155554413796,
        4.335480555891991,
        3.714472524523735,
        3.3959186470508573,
        2.9187826228141787,
        2.61018650919199,
        2.4361696749925614,
        2.1130937987565996,
        1.9517443272471429,
        1.7812678000330926,
        1.5990042653679848,
        1.4665326029062271,
        1.3271552228927612,
        1.2949995130300522,
        1.1958503794670106
    ],
    "train_acc": [
        0.51078125,
        0.49328125,
        0.5128125,
        0.50515625,
        0.50828125,
        0.49703125,
        0.4946875,
        0.49453125,
        0.4978125,
        0.50125,
        0.50015625,
        0.50609375,
        0.4984375,
        0.50640625,
        0.5021875,
        0.505,
        0.50671875,
        0.50390625,
        0.50671875,
        0.5003125,
        0.49953125
    ],
    "val_loss": [
        4.44302560210228,
        5.085572534018284,
        1.4276818491518497,
        1.1112673246860505,
        1.3028023409098386,
        0.9935025133192539,
        0.8241466313600541,
        0.7946071973443032,
        0.7553479379415512,
        0.7551368716359138,
        0.7296040681004524,
        0.7383468177914619,
        0.7108404591679574,
        0.7240344856679439,
        0.7054140487313271,
        0.7001440277695656,
        0.6948256194591522,
        0.6941481509804726,
        0.6934544610977172,
        0.6932871940732003,
        0.6932055529952049
    ],
    "val_acc": [
        0.5184375,
        0.50046875,
        0.48875,
        0.50125,
        0.49703125,
        0.4975,
        0.48921875,
        0.50546875,
        0.5090625,
        0.51140625,
        0.48421875,
        0.50234375,
        0.4834375,
        0.49765625,
        0.49640625,
        0.49890625,
        0.499375,
        0.4940625,
        0.503125,
        0.500625,
        0.50046875
    ],
    "test_loss": null,
    "test_acc": null,
    "best_val_epoch": 1,
    "total_epochs_trained": 21,
    "final_lr": 1e-05
}