{
    "train_loss": [
        47.98970203876495,
        16.15856648206711,
        10.745787794589996,
        7.91962969660759,
        5.635609654188156,
        4.6310774612426755,
        3.706281363964081,
        3.3753446519374846,
        2.780147657990456,
        2.4143889218568804,
        2.123365208506584,
        1.9135123562812806,
        1.794437429010868,
        1.5939877098798751,
        1.4946459385752677,
        1.3972787791490555,
        1.2907465347647666,
        1.233187385201454,
        1.2287237712740897,
        1.1997427037358284,
        1.1215676316618919,
        1.1390869101881982
    ],
    "train_acc": [
        0.49828125,
        0.51203125,
        0.51015625,
        0.50046875,
        0.515,
        0.51296875,
        0.5175,
        0.4965625,
        0.504375,
        0.501875,
        0.5084375,
        0.51265625,
        0.49234375,
        0.4990625,
        0.5040625,
        0.51046875,
        0.50890625,
        0.50578125,
        0.49921875,
        0.498125,
        0.5090625,
        0.486875
    ],
    "val_loss": [
        6.2007118090987206,
        3.3735719303786755,
        2.2331572546064855,
        1.6868105855584146,
        1.3555565121769906,
        1.1760734130442143,
        1.0445836828649044,
        0.9519303430616856,
        0.8613473136723041,
        0.8093378379940986,
        0.783933564722538,
        0.7664032888412475,
        0.745023346543312,
        0.7414783215522767,
        0.7306910809874535,
        0.7195729386806488,
        0.7184727069735527,
        0.7095281594991684,
        0.711032275557518,
        0.7049210825562477,
        0.7034210363030433,
        0.7033358445763588
    ],
    "val_acc": [
        0.505625,
        0.51578125,
        0.508125,
        0.50140625,
        0.504375,
        0.49984375,
        0.48421875,
        0.48546875,
        0.4846875,
        0.490625,
        0.48390625,
        0.485,
        0.49859375,
        0.491875,
        0.49390625,
        0.4990625,
        0.49171875,
        0.5065625,
        0.49890625,
        0.514375,
        0.5109375,
        0.5009375
    ],
    "test_loss": null,
    "test_acc": null,
    "best_val_epoch": 2,
    "total_epochs_trained": 22,
    "final_lr": 1e-05
}